report_file,manuscript_location,manuscript_claim,citation_key,attributed_source,source_file_used,source_text_or_best_match,assessment,notes
01_intro_audit.md,paper/main.tex:46,"Yaari benchmark: uncertain lifetime, no bequest motive, actuarially fair annuity should fully annuitize wealth.",`yaari1965`,Yaari (1965),`potential references/Yaari1965.txt`,`consumer's assets ... held in actuarial notes`,supported,Fair paraphrase of the core result; the source states the annuity/actuarial-note equivalence directly.
01_intro_audit.md,paper/main.tex:46,Pashchenko omits the health-mortality / survival-pessimism channels and focuses on other annuitization frictions.,`pashchenko2013`,Pashchenko (2013),`potential references/Pashchenko2013.txt`,"`preannuitized wealth, minimum annuity purchase requirement, illiquidity of housing wealth, and bequest motives`",partially supported,"The source scope is accurate, but the omission of the health/survival channels is inferred from what the paper studies rather than stated explicitly."
01_intro_audit.md,paper/main.tex:46,Peijnenburg omits the health-mortality / survival-pessimism channels and focuses on other annuitization frictions.,`peijnenburg2016`,"Peijnenburg, Nijman, and Werker (2016)",`potential references/Peijnenburg_Nijman_Werker2016.txt`,"`incomplete annuity menus, background risk, bequest motives, and default risk`",partially supported,The source accurately lists the modeled channels; the manuscript’s “omitted channel” framing is a cross-paper inference.
01_intro_audit.md,paper/main.tex:46,"Reichling-Smetters identify correlated health shocks, mortality, and medical costs as an annuity-demand channel.",`reichlingsmetters2015`,Reichling and Smetters (2015),`potential references/Reichling_Smetters2015.txt`,`stochastic mortality and correlated medical costs`,supported,Fair representation of the mechanism the paper develops.
01_intro_audit.md,paper/main.tex:46,O'Dea-Sturrock document pessimistic subjective survival beliefs relative to actuarial tables.,`odeasturrock2023`,O'Dea and Sturrock (2023),`potential references/ODea_Sturrock2023.txt`,"`Overall, pessimism dominates`",supported,Fair summary of the survey evidence and the paper’s central finding.
01_intro_audit.md,paper/main.tex:63,"Yaari result: with no bequest motive, the consumer should convert wealth into a life annuity.",`yaari1965`,Yaari (1965),`potential references/Yaari1965.txt`,`bequests to be automatically equal to zero`,supported,The manuscript’s wording is a concise paraphrase of the case in which actuarial notes dominate regular notes.
01_intro_audit.md,paper/main.tex:63,Davidoff extends Yaari to incomplete markets and a wide set of conditions.,`davidoff2005`,"Davidoff, Brown, and Diamond (2005)",`potential references/Davidoff_Brown_Diamond2005.txt`,`consumer without a bequest motive annuitizes all savings`,supported,Fair characterization; the theorem/corollary explicitly generalize Yaari beyond the simplest benchmark.
01_intro_audit.md,paper/main.tex:65,Lockwood reports voluntary annuity ownership of about 3.6 percent among single retirees.,`lockwood2012`,Lockwood (2012),`potential references/Lockwood2012.txt`,`Only about 3.6 percent of the sample owns a life annuity`,supported,Directly supported by the sample description and Table 4 discussion.
01_intro_audit.md,paper/main.tex:65,Dushi and Webb show voluntary annuitization is close to absent in HRS/AHEAD-type data.,`dushiwebb2004`,Dushi and Webb (2004),`potential references/Dushi_Webb2004.txt`,`almost total absence of voluntary annuitization`,partially supported,"Fair in substance, but the paper does not give the manuscript’s exact 3-6 percent range."
01_intro_audit.md,paper/main.tex:65,"Poterba, Venti, and Wise support the claim that voluntary ownership is 3-6 percent.",`poterbaventiwise2011`,"Poterba, Venti, and Wise (2011)",`potential references/Poterba_Venti_Wise2011.txt`,`require minimum investments`,not supported,"This paper supports liquidity/minimum-investment frictions, not the cited ownership-rate range."
01_intro_audit.md,paper/main.tex:67,Lockwood shows bequest motives reduce the appeal of annuities and can eliminate purchases.,`lockwood2012`,Lockwood (2012),`potential references/Lockwood2012.txt`,`bequest motives can eliminate purchases of available annuities`,supported,Accurate and well aligned with the paper’s main result.
01_intro_audit.md,paper/main.tex:67,"Kopczuk and Lupton document widespread, economically meaningful bequest motives.",`kopczuklupton2007`,Kopczuk and Lupton (2007),`potential references/Kopczuk_Lupton2007.txt`,`roughly three-fourths ... has a bequest motive`,supported,The manuscript uses this appropriately as evidence that bequest motives are prevalent.
01_intro_audit.md,paper/main.tex:67,Mitchell et al. support the 80-85 cent money's-worth range.,`mitchell1999`,Mitchell et al. (1999),`potential references/Mitchell_etal1999.txt`,`between 80 and 85 cents`,supported,Directly supported; the manuscript’s rounded range is faithful.
01_intro_audit.md,paper/main.tex:67,Wettstein et al. support the claim that immediate-annuity money's worth is around 0.80.,`wettstein2021`,Wettstein et al. (2021),`potential references/Munnell_Wettstein2021.txt`,`fluctuated around 0.80`,supported,"The local file name differs from the bib key, but it is the matching working paper."
01_intro_audit.md,paper/main.tex:67,"Finkelstein and Poterba show adverse selection lowers money's worth, with compulsory-market selection about half the voluntary-market level.",`finkelsteinpoterba2002`,Finkelstein and Poterba (2002),`potential references/Finkelstein_Poterba2002.txt`,`0.865 ... about one half of that in the voluntary market`,partially supported,"Fair in direction, but the manuscript’s 80-85 cent shorthand is a synthesis across studies rather than this paper alone."
01_intro_audit.md,paper/main.tex:67,Hosseini shows heterogeneous mortality interacts with adverse selection to amplify loads.,`hosseini2015`,Hosseini (2015),`not found locally`,`source file not available locally`,cannot verify locally,"The bibliography contains the citation, but no matching local paper file was present to check the claim."
01_intro_audit.md,paper/main.tex:67,"De Nardi, French, and Jones show medical expense risk raises precautionary saving.",`denardi2010`,"De Nardi, French, and Jones (2010)",`potential references/DeNardi_French_Jones2010.txt`,`The risk of living long and having high medical expenses late in life significantly increases savings`,supported,Fair representation of the paper’s core result.
01_intro_audit.md,paper/main.tex:67,Reichling-Smetters show health shocks raise mortality risk and medical costs together.,`reichlingsmetters2015`,Reichling and Smetters (2015),`potential references/Reichling_Smetters2015.txt`,`stochastic mortality probabilities also introduces a correlated risk`,supported,Accurate summary of the correlated-risk mechanism.
01_intro_audit.md,paper/main.tex:67,O'Dea and Sturrock document systematically pessimistic survival beliefs.,`odeasturrock2023`,O'Dea and Sturrock (2023),`potential references/ODea_Sturrock2023.txt`,"`Overall, pessimism dominates`",supported,Fair summary of the subjective-survival result.
01_intro_audit.md,paper/main.tex:69,"Inkmann, Lopes, and Michaelides find low annuity demand but strong sensitivity to preference parameters.",`inkmann2011`,"Inkmann, Lopes, and Michaelides (2011)",`potential references/Inkmann_Lopes_Michaelides2011.txt`,`predicted annuity demand levels comparable to the data`,supported,"The manuscript slightly compresses the paper’s message, but the substance is accurate."
01_intro_audit.md,paper/main.tex:69,Pashchenko's model still predicts about 20 percent participation.,`pashchenko2013`,Pashchenko (2013),`potential references/Pashchenko2013.txt`,`participation drops from 97% to around 20%`,supported,Directly supported by the reported sequential decomposition.
01_intro_audit.md,paper/main.tex:69,Peijnenburg et al. conclude that the annuity puzzle remains a puzzle.,`peijnenburg2016`,"Peijnenburg, Nijman, and Werker (2016)",`potential references/Peijnenburg_Nijman_Werker2016.txt`,`full annuitization remains optimal`,supported,Fair summary of the abstract and the paper’s main conclusion.
01_intro_audit.md,paper/main.tex:69,Prior unified models omitted the health-mortality correlation channel.,`reichlingsmetters2015`,Reichling and Smetters (2015),`potential references/Reichling_Smetters2015.txt`,`correlated risk`,partially supported,"The channel is correctly identified, but the omission claim is a cross-paper inference rather than a statement from this source."
01_intro_audit.md,paper/main.tex:69,"Tharp survey says the channels jointly rationalize low observed demand, but a unified structural model is still missing.",`tharp2025survey`,"Tharp (2025), survey draft",`docs/dissolving_annuity_puzzle_survey.md`,`multiple channels jointly rationalize low observed demand`,supported,Fair representation of the local survey draft; this is the best local match for the cited unpublished work.
01_intro_audit.md,paper/main.tex:73,Lockwood supports the observed 3.6 percent ownership benchmark used in the paper.,`lockwood2012`,Lockwood (2012),`potential references/Lockwood2012.txt`,`3.6 percent of the sample owns a life annuity`,supported,Directly supported.
01_intro_audit.md,paper/main.tex:73,Chetty (2006) supports the empirically plausible gamma range used in the sensitivity check.,`chetty2006`,Chetty (2006),`not found locally`,`source file not available locally`,cannot verify locally,"The bibliography has the citation, but no matching local source file was available for verification."
01_intro_audit.md,paper/main.tex:79,Tharp forthcoming argues qualitatively that the accumulated evidence substantially accounts for the annuity puzzle.,`tharpforthcoming`,Tharp forthcoming survey,`docs/dissolving_annuity_puzzle_survey.md`,`the aggregate puzzle ... should be retired`,partially supported,"The local survey draft supports the general thrust, but the exact bibliography key is missing from `paper/bibliography.bib`."
02_model_calibration_audit.md,`paper/main.tex:105-110`,"The bequest utility uses the De Nardi style ""luxury good"" shifter, with `kappa` determining how bequest utility varies with wealth.",`denardi2004`,"De Nardi (2004), *Wealth Inequality and Intergenerational Links*",[Lockwood2012.txt](/Users/derektharp/Documents/_Projects/26.29%20Annuity%20Puzzle%20Simulation/potential%20references/Lockwood2012.txt); [De Nardi 2004 PDF](https://users.nber.org/~denardim/research/denardi.pdf),Lockwood's appendix explicitly classifies bequests as luxury goods when the threshold/shifter parameter is positive; De Nardi's paper motivates voluntary bequests as a source of wealth concentration and intergenerational links.,partially supported,"The luxury-good characterization is fair in the De Nardi/Lockwood lineage, but the exact phrasing is clearer in Lockwood's appendix than in the original De Nardi article text I could inspect."
02_model_calibration_audit.md,"`paper/main.tex:110-112, 294-295, 325`","The DFJ bequest parameters are taken directly from Lockwood's HRS calibration, and using one parameter with the other replaced is not a valid counterfactual.",`lockwood2012`,"Lockwood (2012), *Bequest Motives and the Annuity Puzzle*",[Lockwood2012.txt](/Users/derektharp/Documents/_Projects/26.29%20Annuity%20Puzzle%20Simulation/potential%20references/Lockwood2012.txt),"Lockwood calibrates bequest motives from HRS-based annuity simulations and emphasizes that the bequest motive is jointly parameterized; however, the extracted text does not surface the exact `theta = 56.96` and `kappa = 272,628` values.",cannot verify locally,"The manuscript may well be using the correct code values, but the local text I could inspect does not expose the exact numeric pair, so the claim cannot be fully verified from the saved source text alone."
02_model_calibration_audit.md,"`paper/main.tex:120, 327`",Health transition matrices are calibrated to HRS panel data following De Nardi et al.,`denardi2010`,"De Nardi, French, and Jones (2010), *Why Do the Elderly Save? The Role of Medical Expenses*",[DeNardi_French_Jones2010.txt](/Users/derektharp/Documents/_Projects/26.29%20Annuity%20Puzzle%20Simulation/potential%20references/DeNardi_French_Jones2010.txt),The paper estimates stochastic mortality and medical-spending processes from HRS/AHEAD data and uses health status as a key state variable in those processes.,partially supported,"The citation is directionally right, but the manuscript's three-state transition matrix and its specific health-state mapping are the authors' extension, not something stated in the cited paper."
02_model_calibration_audit.md,"`paper/main.tex:125, 298, 327`","Baseline survival probabilities come from the SSA period life table used by Lockwood, and the model is truncated at age 110.",`lockwood2012`,"Lockwood (2012), *Bequest Motives and the Annuity Puzzle*",[Lockwood2012.txt](/Users/derektharp/Documents/_Projects/26.29%20Annuity%20Puzzle%20Simulation/potential%20references/Lockwood2012.txt),Lockwood states that mortality probabilities come from the 2003 U.S. Social Security Administration life table and are adjusted so the maximum possible age is 110.,supported,This is one of the cleanest citations in the block.
02_model_calibration_audit.md,`paper/main.tex:134`,The health-mortality correlation is the mechanism behind the Reichling-Smetters result: a negative health shock lowers annuity value and raises the value of liquidity.,`reichlingsmetters2015`,"Reichling and Smetters (2015), *Optimal Annuitization with Stochastic Mortality and Correlated Medical Costs*",[Reichling_Smetters2015.txt](/Users/derektharp/Documents/_Projects/26.29%20Annuity%20Puzzle%20Simulation/potential%20references/Reichling_Smetters2015.txt),"The paper says negative health shocks make mortality stochastic, reduce the remaining present value of annuities, and simultaneously raise correlated medical-cost risk.",supported,The manuscript fairly represents the core result and the gateway-mechanism interpretation.
02_model_calibration_audit.md,"`paper/main.tex:138, 145, 304`","O'Dea and Sturrock show survival pessimism, with subjective survival to 75 around 0.71 versus actuarial 0.86; the model's `psi = 0.981` matches that gap.",`odeasturrock2023`,"O'Dea and Sturrock (2023), *Survival Pessimism and the Demand for Annuities*",[ODea_Sturrock2023.txt](/Users/derektharp/Documents/_Projects/26.29%20Annuity%20Puzzle%20Simulation/potential%20references/ODea_Sturrock2023.txt),The paper reports that early-60s respondents underestimate survival to 75 by roughly 15-20 percentage points and constructs subjective survival curves from those reports.,supported,"The 10-year-to-one-year conversion used for `psi` is the authors' own calibration, but it is a reasonable transformation of the cited gap."
02_model_calibration_audit.md,"`paper/main.tex:154, 306-308, 345`",The medical-expenditure process matches Jones et al.'s moments: spending rises from age 70 to 100 and the upper tail is very fat.,`jones2018`,"Jones, De Nardi, French, McGee, and Kirschner (2018), *The Lifetime Medical Spending of Retirees*",[Jones_etal2018.txt](/Users/derektharp/Documents/_Projects/26.29%20Annuity%20Puzzle%20Simulation/potential%20references/Jones_etal2018.txt),"Jones et al. report annual combined spending of about 5.1k at age 70 and 29.7k at age 100, with a 95th percentile near 111.2k; they also report OOP spending around 4.2k at age 70.",partially supported,"The manuscript mixes the out-of-pocket series with the combined-with-Medicaid series. The age-100 29.7k and 111.2k figures are for combined spending, not pure OOP."
02_model_calibration_audit.md,"`paper/main.tex:156, 309`","The consumption floor is calibrated to the SSI federal benefit rate plus average state supplement, using Lockwood's 6,180 floor.",`lockwood2012`,"Lockwood (2012), Medicaid/consumption-floor calibration",[Lockwood2012.txt](/Users/derektharp/Documents/_Projects/26.29%20Annuity%20Puzzle%20Simulation/potential%20references/Lockwood2012.txt),"Lockwood assigns nursing homes and assisted living a consumption value of 6,180 based on SSI payments to single elderly people and uses the same value for the Medicaid nursing-home floor.",partially supported,"The 6,180 amount is supported, but the manuscript's ""federal benefit rate plus average state supplement"" decomposition is more specific than the cited text."
02_model_calibration_audit.md,"`paper/main.tex:174, 311`",A baseline MWR of 0.82 is consistent with Mitchell et al.'s population-table annuity pricing.,`mitchell1999`,"Mitchell, Poterba, Warshawsky, and Brown (1999), *New Evidence on the Money's Worth of Individual Annuities*",[Mitchell_etal1999.txt](/Users/derektharp/Documents/_Projects/26.29%20Annuity%20Puzzle%20Simulation/potential%20references/Mitchell_etal1999.txt),The paper finds the average 65-year-old annuity in 1995 delivered about 80-85 cents per premium dollar.,supported,The 0.82 baseline is squarely in the cited range.
02_model_calibration_audit.md,`paper/main.tex:174`,More recent work suggests population-table MWRs around 0.85.,`wettstein2021`,"Wettstein, Munnell, Hou, and Gok (2021), *The Value of Annuities*",[Munnell_Wettstein2021.txt](/Users/derektharp/Documents/_Projects/26.29%20Annuity%20Puzzle%20Simulation/potential%20references/Munnell_Wettstein2021.txt),The paper says immediate-annuity money's worth fluctuates around 0.80 and varies roughly from 0.76 to 0.87; 0.85 appears more naturally in the wealth-equivalence discussion.,partially supported,"The manuscript slightly overstates the central MWR level. The source supports a range that includes 0.85, but not 0.85 as the main figure."
02_model_calibration_audit.md,"`paper/main.tex:292, 323`",Gamma is within a Chetty range of 1-3 estimated from labor-supply elasticities.,`chetty2006`,"Chetty (2006), *A New Method of Estimating Risk Aversion*",[EconPapers article page](https://econpapers.repec.org/article/aeaaecrev/v_3a96_3ay_3a2006_3ai_3a5_3ap_3a1821-1834.htm),Chetty reports a mean estimate of risk aversion near 1 and says gamma above 2 requires sharper wage responses.,not supported,The manuscript's 1-3 range is much broader than the cited result and is not a fair summary of the paper.
02_model_calibration_audit.md,`paper/main.tex:298`,"The maximum age is 110, matching Lockwood's truncation of the life table.",`lockwood2012`,"Lockwood (2012), maximum-age truncation",[Lockwood2012.txt](/Users/derektharp/Documents/_Projects/26.29%20Annuity%20Puzzle%20Simulation/potential%20references/Lockwood2012.txt),Lockwood adjusts the SSA life table so the maximum possible age is 110 to enable backward induction.,supported,Straightforward and accurate.
02_model_calibration_audit.md,`paper/main.tex:312`,"The fixed annuity purchase cost is 1,000 dollars, attributed to Lockwood.",`lockwood2012`,"Lockwood (2012), fixed purchase-cost experiment",[Lockwood2012.txt](/Users/derektharp/Documents/_Projects/26.29%20Annuity%20Puzzle%20Simulation/potential%20references/Lockwood2012.txt),"Lockwood's local text shows a one-time fixed cost experiment of 2,000 dollars, not 1,000 dollars.",not supported,"This is the clearest numerical mismatch in the block. If the manuscript uses 1,000 on purpose, it needs a different citation or an explicit explanation."
03_results_counterfactuals_audit.md,`paper/main.tex:365`,The decomposition starts from the Yaari benchmark without Social Security.,`yaari1965`,"Yaari (1965), *Uncertain Lifetime, Life Insurance, and the Theory of the Consumer*",`/Users/derektharp/Documents/_Projects/26.29 Annuity Puzzle Simulation/potential references/Yaari1965.txt`,The relevant passage is Case C: no bequest motive; positive assets are held in actuarial notes; bequests are set to zero.,supported,"The citation fairly anchors the no-bequest / fair-annuity benchmark. The 42.4% figure in the surrounding paragraph is the manuscript’s own model result, not from Yaari."
03_results_counterfactuals_audit.md,`paper/main.tex:379`,This health-mortality correlation channel was omitted by Pashchenko.,`pashchenko2013`,"Pashchenko (2013), *Accounting for Non-Annuitization*",`/Users/derektharp/Documents/_Projects/26.29 Annuity Puzzle Simulation/potential references/Pashchenko2013.txt`,"The paper says health uncertainty matters and that high medical expenses coincide with health deterioration, which raises mortality and lowers annuity value.",not supported,"This is the clearest overstatement in the block. Pashchenko explicitly discusses health-linked mortality and medical costs, so she did not omit the mechanism as stated here."
03_results_counterfactuals_audit.md,`paper/main.tex:379`,This health-mortality correlation channel was omitted by Peijnenburg et al.,`peijnenburg2016`,"Peijnenburg, Nijman, and Werker (2016), *The Annuity Puzzle Remains a Puzzle*",`/Users/derektharp/Documents/_Projects/26.29 Annuity Puzzle Simulation/potential references/Peijnenburg_Nijman_Werker2016.txt`,The paper says it does not model background risk as health cost risk and instead studies background risk more generally.,supported,"The paper explicitly excludes health-cost risk, so the manuscript’s omission claim is fair."
03_results_counterfactuals_audit.md,`paper/main.tex:381`,The subjective-survival calibration is based on the 15 percentage point gap documented by O'Dea and Sturrock.,`odeasturrock2023`,"O'Dea and Sturrock (2023), *Survival Pessimism and the Demand for Annuities*",`/Users/derektharp/Documents/_Projects/26.29 Annuity Puzzle Simulation/potential references/ODea_Sturrock2023.txt`,"The paper reports underestimation of survival by ""between 15 and 20 percentage points"" in the relevant age range, with strong age-specific heterogeneity.",partially supported,"The direction and rough magnitude are right, but the source is not a single 15pp gap; it gives a range and a more nuanced age pattern."
03_results_counterfactuals_audit.md,`paper/main.tex:399`,"Pashchenko identified bequest motives, minimum purchase requirements, and pricing loads as key annuity frictions.",`pashchenko2013`,"Pashchenko (2013), *Accounting for Non-Annuitization*",`/Users/derektharp/Documents/_Projects/26.29 Annuity Puzzle Simulation/potential references/Pashchenko2013.txt`,"The abstract and introduction list bequest motives, actuarially unfair prices, and minimum purchase requirements among the major impediments to annuitization.",supported,"The sentence is selective, but the named channels are indeed part of Pashchenko’s identified impediments."
03_results_counterfactuals_audit.md,`paper/main.tex:403`,"Peijnenburg et al. found that full annuitization remains approximately optimal, while omitting health-cost risk / the health-mortality channel.",`peijnenburg2016`,"Peijnenburg, Nijman, and Werker (2016), *The Annuity Puzzle Remains a Puzzle*",`/Users/derektharp/Documents/_Projects/26.29 Annuity Puzzle Simulation/potential references/Peijnenburg_Nijman_Werker2016.txt`,"The abstract and conclusion say that ""(almost) full annuitization remains optimal""; the model focuses on background risk and explicitly does not model it as health cost risk.",supported,"The manuscript’s summary is fair. The source is slightly narrower in wording (""health cost risk""), but the substantive omission claim is correct."
03_results_counterfactuals_audit.md,`paper/main.tex:412`,The baseline 5.3% result closely matches the observed 3.6% ownership rate from Lockwood.,`lockwood2012`,"Lockwood (2012), *Bequest Motives and the Annuity Puzzle*",`/Users/derektharp/Documents/_Projects/26.29 Annuity Puzzle Simulation/potential references/Lockwood2012.txt`,"The results section states that simulated annuity ownership is ""61.0 percent versus 3.6 percent"" without bequest motives, and later compares fixed-cost cases to that observed rate.",supported,"The observed 3.6% benchmark is directly in the source. The 5.3% number is the manuscript’s own baseline prediction, but the comparison itself is fair."
03_results_counterfactuals_audit.md,`paper/main.tex:442`,Group annuity pricing is achievable through employer plans or government-sponsored pools.,`james2006`,"James and Song, *Annuities Markets Around the World: Money’s Worth and Risk Intermediation*",`https://www.cerp.carloalberto.org/wp-content/uploads/2008/12/wp_16.pdf`,"The paper says group rather than individual annuities can save sales costs, mentions employer-sponsored plans, and cites the U.S. federal government’s group annuity plan.",supported,"No local `.txt` copy was available, so I verified this via the PDF. The repo’s bibliographic year is a cataloging choice; the substantive claim is supported."
04_discussion_conclusion_audit.md,`paper/main.tex:519`,Observed voluntary ownership is 3.6 percent among single retirees aged 65-69.,`lockwood2012`,"Lockwood (2012), *Bequest Motives and the Annuity Puzzle*",[potential references/Lockwood2012.txt](/Users/derektharp/Documents/_Projects/26.29%20Annuity%20Puzzle%20Simulation/potential%20references/Lockwood2012.txt),`Only about 3.6 percent of the sample owns a life annuity.`,supported,The source states the 3.6 percent benchmark directly for the same HRS sample.
04_discussion_conclusion_audit.md,`paper/main.tex:523`,Baseline money's-worth ratio is 0.82.,`mitchell1999`,"Mitchell et al. (1999), *New Evidence on the Money's Worth of Individual Annuities*",[potential references/Mitchell_etal1999.txt](/Users/derektharp/Documents/_Projects/26.29%20Annuity%20Puzzle%20Simulation/potential%20references/Mitchell_etal1999.txt),`expected present discounted value of annuity payouts per dollar of annuity premium averages between 80 and 85 cents`,supported,"The source reports 0.80-0.85 overall and 0.814 / 0.854 in the age-65 population table, so 0.82 is a fair rounding. The adjacent 2024 MWR claim in the manuscript is not supported by this citation."
04_discussion_conclusion_audit.md,`paper/main.tex:525`,Marriage provides partial longevity insurance through intra-household risk sharing.,`kotlikoffspivak1981`,"Kotlikoff and Spivak (1981), *The Family as an Incomplete Annuities Market*",[potential references/Kotlikoff_Spivak1981.txt](/Users/derektharp/Documents/_Projects/26.29%20Annuity%20Puzzle%20Simulation/potential%20references/Kotlikoff_Spivak1981.txt),`family risksharing arrangements provide powerful incentives for marriage`,supported,"The source is about family risk pooling as incomplete annuity markets, which is a fair basis for the manuscript's wording."
04_discussion_conclusion_audit.md,`paper/main.tex:525`,Housing illiquidity reduces annuity demand by constraining liquid wealth available for annuitization.,`pashchenko2013`,"Pashchenko (2013), *Accounting for non-annuitization*",[potential references/Pashchenko2013.txt](/Users/derektharp/Documents/_Projects/26.29%20Annuity%20Puzzle%20Simulation/potential%20references/Pashchenko2013.txt),`illiquidity of housing wealth` and `reducing annuity demand`,supported,This is a close paraphrase of the abstract and conclusion.
04_discussion_conclusion_audit.md,`paper/main.tex:525`,Survival pessimism / subjective survival beliefs can materially reduce annuitization.,`odeasturrock2023`,"O'Dea and Sturrock (2023), *Survival Pessimism and the Demand for Annuities*",[potential references/ODea_Sturrock2023.txt](/Users/derektharp/Documents/_Projects/26.29%20Annuity%20Puzzle%20Simulation/potential%20references/ODea_Sturrock2023.txt),`individuals misperceive their mortality risk` and `capacity to explain significant rates of nonannuitization`,supported,The source directly supports the survival-pessimism mechanism and its quantitative importance.
04_discussion_conclusion_audit.md,`paper/main.tex:527`,Prospect theory loss aversion can reduce optimal annuitization substantially.,`huscott2007`,"Hu and Scott (2007), *Behavioral Obstacles in the Annuity Market*",[potential references/Hu_Scott2007.txt](/Users/derektharp/Documents/_Projects/26.29%20Annuity%20Puzzle%20Simulation/potential%20references/Hu_Scott2007.txt),`Mental accounting and loss aversion can explain the unpopularity of annuities`,supported,The article explicitly argues that loss aversion and narrow framing make annuities look unattractive.
04_discussion_conclusion_audit.md,`paper/main.tex:527`,The prospect-theory calibration traces to Tversky and Kahneman (1992).,`tverskykahneman1992`,"Tversky and Kahneman (1992), *Advances in Prospect Theory*",[potential references/Tversky_Kahneman1992.txt](/Users/derektharp/Documents/_Projects/26.29%20Annuity%20Puzzle%20Simulation/potential%20references/Tversky_Kahneman1992.txt),`It incorporates a framing process` and discusses `loss aversion`,supported,The manuscript's calibration reference is faithful to the underlying prospect-theory source.
04_discussion_conclusion_audit.md,`paper/main.tex:527`,Framing effects are large; consumption framing boosts stated annuity demand by about 50-70 percent.,`brown2008framing`,"Brown, Kling, Mullainathan, and Wrobel (2008), *A Framing Explanation of the Under-Annuitization Puzzle*",[potential references/Brown_etal2008.txt](/Users/derektharp/Documents/_Projects/26.29%20Annuity%20Puzzle%20Simulation/potential%20references/Brown_etal2008.txt),"`72 percent` preferred the annuity in the consumption frame versus `21 percent` in the investment frame; other comparisons are `77 percent` vs `48 percent`, `76 percent` vs `40 percent`, and `71 percent` vs `27 percent`",partially supported,"The source clearly shows large framing effects, but the manuscript's 50-70 percent phrasing is a loose summary of several different comparisons, not a single reported estimate."
04_discussion_conclusion_audit.md,`paper/main.tex:527`,Defaults matter in practice; the Oregon example shows near-zero voluntary annuitization.,`chalmersreuter2012`,"Chalmers and Reuter (2012), *What is the Value of Stock Picking?*",[potential references/Chalmers_Reuter2012.txt](/Users/derektharp/Documents/_Projects/26.29%20Annuity%20Puzzle%20Simulation/potential%20references/Chalmers_Reuter2012.txt),"`demand for the default option ranges from 1% for HIGH, where the default is a fixed annuity`",partially supported,"The paper does show very low demand for a fixed-annuity default, but it is a retirement-plan default-investment study, not a direct annuity-pricing or actuarial-fairness study."
04_discussion_conclusion_audit.md,`paper/main.tex:527`,Defaults dominate retirement savings behavior more generally.,`madrian2001`,"Madrian and Shea (2001), *The Power of Suggestion*",[potential references/Madrian_Shea2001.txt](/Users/derektharp/Documents/_Projects/26.29%20Annuity%20Puzzle%20Simulation/potential%20references/Madrian_Shea2001.txt),`default contribution rate and default investment allocation ... has a strong influence on the savings behavior`,supported,The manuscript's general default-bias claim is a fair representation of the source.
04_discussion_conclusion_audit.md,`paper/main.tex:529`,Long-term care aversion matters in late-life saving decisions and interacts with the medical expenditure channel.,`ameriks2020`,"Ameriks et al. (2020), *Long-Term-Care Utility and Late-in-Life Saving*",[NBER abstract](https://www.nber.org/papers/w20973),`desire to self-insure against long-term-care risk explains a substantial fraction of the wealthholding of older Americans`,partially supported,"The source supports the LTC-aversion channel directly. The interaction with the specific medical-expenditure channel in this manuscript is an inference, not a quoted result from the paper."
04_discussion_conclusion_audit.md,`paper/main.tex:531`,"Deferred annuities have lower money's-worth ratios, offsetting their actuarial advantage; DIA rates are similar to SPIA rates.",`wettstein2021`,"Wettstein, Munnell, Hou, and Gok (2021), *The Value of Annuities*",[potential references/Munnell_Wettstein2021.txt](/Users/derektharp/Documents/_Projects/26.29%20Annuity%20Puzzle%20Simulation/potential%20references/Munnell_Wettstein2021.txt),"`deferred annuities provide better longevity insurance than immediate annuities and, therefore, involve higher premiums` and `deferred annuities ... around 50 cents per dollar of premium`",partially supported,"The source supports the lower expected value / higher premium point. It does not support the claim that DIA ownership rates are similar to SPIA rates, and it does not state the exact 0.50 / 0.45 figures in the manuscript."
04_discussion_conclusion_audit.md,`paper/main.tex:542`,The health-mortality correlation channel identified by Reichling and Smetters is quantitatively important.,`reichlingsmetters2015`,"Reichling and Smetters (2015), *Optimal Annuitization with Stochastic Mortality and Correlated Medical Costs*",[potential references/Reichling_Smetters2015.txt](/Users/derektharp/Documents/_Projects/26.29%20Annuity%20Puzzle%20Simulation/potential%20references/Reichling_Smetters2015.txt),`mortality risk itself to be stochastic due to health shocks` and `thereby reducing annuity demand`,supported,The source directly matches the mechanism cited in the conclusion.
04_discussion_conclusion_audit.md,`paper/main.tex:542`,Survival pessimism from O'Dea and Sturrock is quantitatively important.,`odeasturrock2023`,"O'Dea and Sturrock (2023), *Survival Pessimism and the Demand for Annuities*",[potential references/ODea_Sturrock2023.txt](/Users/derektharp/Documents/_Projects/26.29%20Annuity%20Puzzle%20Simulation/potential%20references/ODea_Sturrock2023.txt),`Subjective expectations have the capacity to explain significant rates of nonannuitization`,supported,The source supports the conclusion's description of the channel and its importance.
04_discussion_conclusion_audit.md,`paper/main.tex:574`,Observed ownership is 3.6 percent among single retirees aged 65-69.,`lockwood2012`,"Lockwood (2012), *Bequest Motives and the Annuity Puzzle*",[potential references/Lockwood2012.txt](/Users/derektharp/Documents/_Projects/26.29%20Annuity%20Puzzle%20Simulation/potential%20references/Lockwood2012.txt),`65-69-year-old single retirees` and `Only about 3.6 percent of the sample owns a life annuity`,supported,The figure caption is a faithful citation of the empirical benchmark in the source paper.
05_appendix_methods_audit.md,`paper/appendix.tex:46`,"Health transitions are calibrated to the RAND HRS longitudinal file, five self-reported health categories are mapped into three states, and age-65/age-100 transition matrices are linearly interpolated following De Nardi et al. (2010).",`denardi2010`,"De Nardi, French, and Jones (2010), ""Why Do the Elderly Save? The Role of Medical Expenses""",[`potential references/DeNardi_French_Jones2010.txt`](/Users/derektharp/Documents/_Projects/26.29%20Annuity%20Puzzle%20Simulation/potential%20references/DeNardi_French_Jones2010.txt),"""The transition probabilities for health status depend on previous health, sex, permanent income, and age"" and ""At the beginning of the period the individual's health status and medical expenses are realized. Then the individual consumes and saves. Finally, the survival shock hits.""",partially supported,"The paper supports HRS-based, age- and health-dependent transition probabilities and the timing of health/mortality risk. It does not state the appendix's specific 5-to-3 mapping, the 65/100 anchor matrices, or the linear interpolation rule."
05_appendix_methods_audit.md,`paper/appendix.tex:78`,"Baseline survival probabilities use the SSA administrative period life table employed by Lockwood, and cumulative death probabilities at ages 65, 70, 75, ... are taken directly from Lockwood's replication code and interpolated linearly at intermediate ages.",`lockwood2012`,"Lockwood (2012), ""Bequest Motives and the Annuity Puzzle""",[`potential references/Lockwood2012.txt`](/Users/derektharp/Documents/_Projects/26.29%20Annuity%20Puzzle%20Simulation/potential%20references/Lockwood2012.txt),"""Mortality probabilities come from the 2003 U.S. Social Security Administration male life table, adjusted so that the maximum possible age is 110 years"" and ""Risk {(p_t, S_t)} from 2003 U.S. Social Security Administration male life table, adjusted so S_111 = 0.""",partially supported,The source supports the SSA life-table basis and the backward-induction setup. The specific reference to `BAP_sim2.m` and the claim that the cumulative death probabilities are pulled from the replication code are not stated in the paper.
05_appendix_methods_audit.md,`paper/appendix.tex:105`,"O'Dea and Sturrock estimate that subjective 10-year survival at age 65 is about 71% versus 86% actuarial, implying `psi = 0.981`.",`odeasturrock2023`,"O'Dea and Sturrock (2023), ""Survival Pessimism and the Demand for Annuities""",[`potential references/ODea_Sturrock2023.txt`](/Users/derektharp/Documents/_Projects/26.29%20Annuity%20Puzzle%20Simulation/potential%20references/ODea_Sturrock2023.txt),"""Individuals in their early 60s underestimate survival to age 75 by around 25 to 30 percentage points"" and ""those in their late 60s and early 70s underestimate survival to age 85 by 15 to 20 percentage points""; the paper also reports hazard rates at 71% and 69% of the original level for men and women.",partially supported,"The paper clearly supports the broad survival-pessimism channel and the rough 15-20 pp magnitude, but not the appendix's exact 71% vs 86% calibration or the derived per-year factor `psi = 0.981`."
05_appendix_methods_audit.md,`paper/appendix.tex:183`,"The reference bequest parameters `theta = 56.96` and `kappa = $272,628` come from Lockwood (2012), estimated from HRS data under the DFJ specification at `sigma = 2`.",`lockwood2012`,"Lockwood (2012), ""Bequest Motives and the Annuity Puzzle""",[`potential references/Lockwood2012.txt`](/Users/derektharp/Documents/_Projects/26.29%20Annuity%20Puzzle%20Simulation/potential%20references/Lockwood2012.txt),"Lockwood states that his bequest motive is ""a particular parameterization of a functional form that is widely-used in the saving literature"" and that he uses bequest motives estimated from the saving literature and Hurd & Smith anticipated bequests; Table 1 gives `sigma = 2` and the SSA life-table setup.",partially supported,"The source supports the bequest-function family and the HRS-based calibration context, but the exact converted values `theta = 56.96` and `kappa = $272,628` are not visible in the local text extraction. The appendix should avoid implying those exact numbers are directly reported in the paper unless the original table is separately cited or shown."
05_appendix_methods_audit.md,`paper/appendix.tex:187`,"The DFJ bequest estimates are jointly calibrated, so using one parameter with the other's value replaced is not a valid counterfactual.",`lockwood2012`,"Lockwood (2012), ""Bequest Motives and the Annuity Puzzle""",[`potential references/Lockwood2012.txt`](/Users/derektharp/Documents/_Projects/26.29%20Annuity%20Puzzle%20Simulation/potential%20references/Lockwood2012.txt),"""This bequest motive is a particular parameterization of a functional form that is widely-used in the saving literature"" and ""the larger is `y_h`, the higher is the threshold, and so the greater the extent to which bequests are luxury goods.""",partially supported,"The source supports the idea that the bequest motive is a linked two-parameter object, but it does not itself make the stronger claim that arbitrary one-parameter substitution is invalid. That is the appendix author's inference, so it should be phrased as such."
05_appendix_methods_audit.md,`paper/appendix.tex:192`,"Lockwood estimated `theta = 56.96` and `kappa = $272,628` at `sigma = 2`, and the appendix rescales `theta` to other `gamma` values using `theta_new = theta_ref^(gamma_new/gamma_ref)`.",`lockwood2012`,"Lockwood (2012), ""Bequest Motives and the Annuity Puzzle""",[`potential references/Lockwood2012.txt`](/Users/derektharp/Documents/_Projects/26.29%20Annuity%20Puzzle%20Simulation/potential%20references/Lockwood2012.txt),Lockwood's text supports a bequest motive calibrated from HRS/anticipated-bequest data and a CRRA benchmark of `sigma = 2`; the appendix's rescaling formula is not stated in the source.,partially supported,"The source supports the underlying calibration context, but not the specific parameter-portability rule. This is the kind of calibration-attribution claim that should be marked as the author's own derivation, not as something Lockwood reported."
05_appendix_methods_audit.md,`paper/appendix.tex:209`,"Pashchenko conducted a sequential decomposition with four channels, and the full model predicted about 20% participation, roughly four times the observed 5% rate.",`pashchenko2013`,"Pashchenko (2013), ""Accounting for Non-annuitization""",[`potential references/Pashchenko2013.txt`](/Users/derektharp/Documents/_Projects/26.29%20Annuity%20Puzzle%20Simulation/potential%20references/Pashchenko2013.txt),"""This paper shows that quantitatively four explanations play a big role in reducing annuity demand..."" and ""once all potential explanations for the annuity puzzle are included, the participation rate drops from 97% to around 20% ... still remains higher than in the data (5%).""",supported,This is a faithful summary of the paper's abstract and main quantitative conclusion.
05_appendix_methods_audit.md,`paper/appendix.tex:224`,"Wettstein et al. estimate MWRs of 0.50 for DIA-80 and 0.45 for DIA-85, compared to 0.82 for SPIAs.",`wettstein2021`,"Wettstein, Munnell, Hou, and Gok (2021), ""The Value of Annuities""",[`potential references/Munnell_Wettstein2021.txt`](/Users/derektharp/Documents/_Projects/26.29%20Annuity%20Puzzle%20Simulation/potential%20references/Munnell_Wettstein2021.txt),"""The money's worth of deferred annuities is the most constant over time of the three annuities studied"" and ""the money's worth of deferred annuities ... is substantially lower than for both types of immediate annuities."" The paper also reports immediate-annuity money's worth around 0.80 and deferred-annuity wealth equivalence of 0.77/0.73.",partially supported,"The source supports the qualitative ranking and the age-85 deferred product, but the exact `0.50`, `0.45`, and `0.82` money's-worth numbers are not verified in the local text. If those exact figures are important, they should be rechecked against the original table/figure or restated more cautiously."
06_appendix_crosscheck_audit.md,`paper/appendix.tex:343`,The poor-health multiplier upper bound corresponds to the functional-limitation health states used by Reichling-Smetters; the good-health multiplier is fixed at 0.50.,`reichlingsmetters2015`,"Reichling and Smetters (2015), *Optimal Annuitization with Stochastic Mortality and Correlated Medical Costs*.",`potential references/Reichling_Smetters2015.txt` (health-state setup; ADL/IADL mapping in lines 903-936),"`“three states (M = 3) suffice: healthy, impaired, and very sick.”`",partially supported,"The cited paper does support the 3-state health structure and the ADL/IADL interpretation, but the manuscript’s exact draw `U(2.0, 3.5)` and fixed `0.50` are model choices layered on top of the source."
06_appendix_crosscheck_audit.md,`paper/appendix.tex:347`,Baseline MWR uncertainty is centered near 0.82 and bounded to reflect current annuity-pricing uncertainty.,`mitchell1999`,"Mitchell, Poterba, Warshawsky, and Brown (1999), *New Evidence on the Money’s Worth of Individual Annuities*.",`potential references/Mitchell_etal1999.txt` (money’s-worth discussion in lines 88-94),`“averages between 80 and 85 cents”`,supported,"The source explicitly reports 80-85 cents for population mortality and 90-94 cents for annuitant mortality, which is the right benchmark for the manuscript’s baseline calibration."
06_appendix_crosscheck_audit.md,`paper/appendix.tex:347`,"More recent annuity-pricing evidence suggests the population-table MWR is around 0.85, with a small uncertainty band around the baseline.",`wettstein2021`,"Munnell, Wettstein, Hou, and Gok (2021), *How Best to Annuitize?*.","`potential references/Munnell_Wettstein2021.txt` (money’s-worth discussion in lines 435-445, 520-523)",`“fluctuated around 0.80”`,partially supported,"The paper supports the broader range `0.76-0.87` for immediate annuities over 2001-2019 and about `0.85` in wealth-equivalence terms, but it does not state the manuscript’s `2024` market-condition claim."
06_appendix_crosscheck_audit.md,`paper/appendix.tex:354` and `paper/main.tex:323`,"The implied risk-aversion range is 1-3, so `gamma = 2.5` and the implied median `gamma = 2.73` are within the cited Chetty range.",`chetty2006`,"Chetty (2006), *A New Method of Estimating Risk Aversion*.",`none`,"No clean local source file was found in `potential references/`; only `Chetty2015.*` exists, and it is a different paper.",cannot verify locally,"`paper/bibliography.bib` has a `chetty2006` entry, but the corresponding paper is not present in the local reference library."
06_appendix_crosscheck_audit.md,`paper/main.tex:325`,"The DFJ bequest parameters are taken directly from Lockwood (2012), who estimated them from HRS bequest data at `gamma = 2`.",`lockwood2012`,"Lockwood (2012), *Bequest Motives and the Annuity Puzzle*.","`potential references/Lockwood2012.txt` (bequest-calibration discussion in lines 797-801, 920-937)",`“I estimate a bequest motive based on Hurd and Smith’s estimates of average anticipated bequests.”`,partially supported,"The source clearly supports an HRS-based bequest calibration, but the OCR text does not surface the manuscript’s exact `theta = 56.96` and `kappa = 272,628` values."
06_appendix_crosscheck_audit.md,`paper/main.tex:327`,"Health transition matrices are calibrated to HRS panel data, with five self-reported health categories mapped to three states.",`denardi2010`,"De Nardi, French, and Jones (2010), *Why Do the Elderly Save? The Role of Medical Expenses*.",`potential references/DeNardi_French_Jones2010.txt` (health-status uncertainty in lines 302-303; HRS-based evidence later in the paper),"`“The transition probabilities for health status depend on previous health, sex, permanent income, and age.”`",supported,"This is a fair representation of the source’s health-transition calibration, and the manuscript’s 5-to-3 mapping is a reasonable implementation of that broader structure."
06_appendix_crosscheck_audit.md,`paper/main.tex:345`,"The medical expenditure process matches the Jones et al. (2018) age profile, including the age-70 and age-100 spending moments.",`jones2018`,"Jones, De Nardi, French, McGee, and Kirschner (2018), *The Lifetime Medical Spending of Retirees*.","`potential references/Jones_etal2018.txt` (lines 677-678, 2036-2041)","`“mean medical spending rises from $5,100 per year at age 70 to $29,700 at age 100.”`",supported,The cited source explicitly states the spending profile used in the manuscript and also reports the 95th-percentile figures.
06_appendix_crosscheck_audit.md,`paper/main.tex:347`,"The HRS sample restrictions are comparable to Lockwood (2012), and the manuscript’s single-retiree benchmark is aligned with his design.",`lockwood2012`,"Lockwood (2012), *Bequest Motives and the Annuity Puzzle*.","`potential references/Lockwood2012.txt` (single-retiree simulations and HRS-based sample discussion in lines 668-673, 804, 920-937)",`“single retirees in the U.S.”`,supported,"The source uses single-retiree HRS simulations, so the manuscript’s comparator is fair, even though the exact sample size and wealth filter are implementation details of the current paper."
06_appendix_crosscheck_audit.md,`paper/main.tex:403`,"Peijnenburg, Nijman, and Werker conclude that full annuitization remains approximately optimal in their framework.",`peijnenburg2016`,"Peijnenburg, Nijman, and Werker (2016), *The Annuity Puzzle Remains a Puzzle*.","`potential references/Peijnenburg_Nijman_Werker2016.txt` (abstract and introduction, lines 25-27, 47-55, 91-101)",`“full annuitization remains optimal if saving is possible after retirement.”`,supported,"The cited paper explicitly says this in the abstract and introduction, so the manuscript’s summary is accurate."
06_appendix_crosscheck_audit.md,`paper/main.tex:412`,Lockwood (2012) reports observed voluntary annuity ownership of 3.6 percent among single retirees.,`lockwood2012`,"Lockwood (2012), *Bequest Motives and the Annuity Puzzle*.","`potential references/Lockwood2012.txt` (results in lines 920-921, 935-937)",`“3.6 percent”`,supported,This is directly stated in the source and is the right benchmark for the manuscript’s calibration comparison.
